"ID","Sequence"
"Exon_1","GGATCAGTTAAAGGCGTGCAACGGCTTGCTCCAGCCATGTTTGCTCGTTTCCCGTGGATGTGCGGTTCTTCCGTGGTTTCTCTCCATCTAAGGAGCTTTGGGGGAACATTTTTAGTTCCCCTACCACCAAGCCTTATGGCTTATTTAAGAAAACATATCAAAATTCCACGAGATTTTTGACGTTTTGATATGTTCTGGTAAGATTTTTTTTTTGACATGTCCTCCATACTTTTTGATATTTGTAATATTTTCAGTCAATTTTTCATTTTTAAGGAATATTTCTTTGTTGTGCCTTTTGGTTGATACTTGTGTGTGTATGGTGGACTTACCTTTCTTTCATTGTTTATATATTCTTGCCCATCGGGGCCACGGATACCTGTGTGTCCTCCCCGCCATTCCATGCCCAACGGGGTTTTGGATACTTACCTGCCTTTTCATTCTTTTTTTTTCTTATTATTTTTTTTTCTAAACTTGCCCATCTGGGCTGTGGATACCTGCTTTTATTCTTTTTTTCTTCTCCTTAGCCCATCGGGGCCATGGATACCTGCTTTTTGTAAAAAAAAAAAAAAAAACAAAAAAACCTTTCTCGGTCCATCGGGACCTCGGATACCTGCGTTTAGTCTTTTTTTCCCATGCCCAACGGGGCCTCGGATACCTGCTGTTATTATTTTTTTTTCTTTTTCTTTTGCCCATCGGGGCTGTGGATACCTGCTTTAAATTTTTTTTTTCACGGCCCAACGGGGCGCTTGGTGGATGGAAATATGGTTTTGTGAGTTATTGCACTACCTGGAATATCTATGCCTCTTATTTGCGTGTACTGTTGCTGCTGATCGTTTGGTGCTGTGTGAGTGAACCTATGGCTTAGAAAAACGACTTTGCTCTTAAACTGAGTGGGTGTTCAGGGCGTGGAGAGCCCGCGTCCGCCATTATGGCTTCTGCGTGATACGGCTATTCTCGAGCCAGTTACGCCAAGAATTAGGACACCGAGGAGCACAGCGGACTGGATAAAAGCAACCAATTGCGCTGCGCTAGCTAAAGGCTTTCTTTATATGTGCGGGGTTGCGGGATTCGCCTTGATTTGTGGTAGCATTTGCGGGGTTGTGCTAGCCGGAAGTAGAAAGCCAAGGAGTGCTCGTATTAGTGTGCGGTGTTGCGCGGAAGCCGCAGAGGACTAGGGGATAGGGCTCAGCGTGGGTGTGGGGATTGGGCAGGGTGTGTGTGCATATGGACCCCTGGCGCGGTCCCCCGTGGCTTTAAGGGCTGCTCAGAAGTCTATAAAATGGCGGCTCGGGGGCTCCACCCGAGGCTCGACAGCCCAATCTTTGTTCTGGTGTGTAGCAATGGATTATAGGACATTTAGGTCGTACAGGAAAAGATGGCGGCTCAAGTTCTTGGTGCGGTATAACGCAAAGGGCTTTGTGTGTCACATGTCAGCTTCATGTCTGAGTTAGCCTGGAGAGGTGGCACATGCTCTTGAATGTGTCTAAGATGGCGGAAGTCATGTGACCTGCCCTCTAGTGGTTTCTTTCAGTGATTTTTTTTTTGGCGGGCTTTAGCTACTTGGCGGGCTTTGCCCGAGGGTACACTTGGTGCATTATGGTAGGGTGTGGTTGGTCCTACCTTGTGCCACTCGAAGCTGAGGCAAGGCTAAGTGGAAGTGTTGGTTGCCACTTGACGTAACTCGTCAGAAATGGGCACAAGTGTGAAAGTGTTGGTGTTTGCTTGACTTCCAGTTAGAAATGTGCATTATTGCTTGGTGGCCAGGATGGAATTAGACTGTGATGAGTCACTGTCCCATAAGGACGTGAGTTTCGCTTGGTACTTCACGTGTGTCTTTAGTCATCATTTTTTCGAAGTGCCTGCCCAGGTCGGGAGAGCGCATGCTTGCAATTCTAACACTGAAGTGTTGGATGATGTCGGATCCGATTCGAGAGACCGAGGCTGCGGGTTCTTGGTCGATGTAAATCATTGAAACCTCACCTATTAAAAGAAAGAAAAGTATCTAAGGCCATTTCAAGGACATTTGACTCATCCGCTTGCGTTCATAGTCTCTTACAGTGCTCTATACGTGGCGGTGCAAACTAAAACTCAGCCCGTTCCATTCCTTTGTATTGTTCAGTGGCTAGTCTACTTACACCTTGGCCTCTGATTTAGCCAGCACTGATCTCAAGCGGTTCTCTAAGCCTACTGGGTATAAGTGGTGACTTTGGCCAGAGTCATAGTGGATCACAAATCACTGGTGAAGAGGTAGAATCCTACCTTCTTCCAAAATCTACCCCATGACTATTGCTGGGGTTGCATTTTGATTTCAATGAATATTTTGGATGCCAACGACACGTCTGATAGTGTGCTTTGCTAGTGTTTGAATTTAAAACCGAAGTGATTGTTTTCAAAATGTATTTACGATTTGCTTACTTGTTGAATTCATTTTAATTACCTTTAGTGAATTGTTACTTTGGAGTCCTTAAAGTTTTCAATAATTTTTTTGGCAGATGATACTCAAATTACTTGGCACTTAAATGTACTTTCTTTCAAACTCATCCACCGAGCTACTCTTCAAATTTTTAAGTCTTATAACACAGATACTGTTAATGTAAAGTGAACATTATGACTGGATGTCAGGAGTATTTGAGGTTCTATACCAGTTCAGGCTTTGCTTTTGTTGCTATTGTTGATGCTATATTGACTAATGGTTTTACTTGTCAGCAAGAGCCTTGAATTGTAATGCTCTGTGTCCTCTATCAGACTTACTGTTATAATAGTAATATTAAGGCCTACATTTCAACTTTCTGTGTGTTCTTGCCTTTATGGCATCTAGATTCTCCTCAAGACTCAGCAAATAGTGCTGCTGCTATTGCTGCCCCAGCCCCAGGCCCAGCCCCAGCCCCTGCCCCAGCCCCAGCCCCAGCCCCTGCCCCAGCCCCAGCCCCTGCCCCTGCCCCAGCCCCTGCCCCAGCCCCAGCCCCAGCCCCTACCCCTGCCCCTGCCCCTGCCCCACCCAACCAACCCAATCCAGTCCAGCCCTGCCCCAGCCCAGTCCTAGCCCCAGGCCCAGATACTTTCAGACCTATCCCAAGCCCACTTCTACTTAGAGAAATTCGAATCTTCATTGATTCAGTGCTAAAATGCAGTGTCCATCACTCAGCCTATAAGACTGAGACAGCCCATCTATACCCCCTCCATACTGACTTCTAGAGTCATGGAATTTCACTTAATGCATAGAATCGTATTGCTAAAATGCAGTGCCCATCACTCAGCCTATAAGACTGAGATAGCCCATCTATACCCCCTCCATACTGACTTACAGAGTCATGGAGTTTCACTTAATGCATGCAGTCCTATTGCTAAAATGCAGTGCCCATAACTCAGCCTATAAGACTGAGATAGCCCATTTATACCCCATACCCCCTCCATACTGACTTCTAGGGTCATGGAATTTCACTTAATACATAGAATCGTATTGCTAAAATGCAGTGTCCATCACTCAGTCTATAAGACTGAGATATCCCTATGTATACCCCATACTCCCTCCATACTGACTTCCAGAGTCATAGAATTTCACTTTGCATACGGTCCTATTGCTAAAATGCAGTGTCCATCACTCAGTCTATAAGACTGAGATATCCCTATGTATACCCCATACTCCCTCCATACTGACTTCCAGAGTCATAGAATTTCACTTTGCATACGGTCCTATTGCTAAAATGCAGTGCCCATCACTCAGCCTATAAGACTGAGATAGCCCATCTATACCCCCTCCATACTGACTTCCAGAGTCATGGAATTTCACTTAATGCATGCAGTCCTATTGCTAAAATGCAGTGCCCATCACTCAGCCTATAAGACTGAGATAGCCCATCTATACCCCATACCCCCTCCATACTGACTTCCAGAGTCATGGAATTTCACTTAATGCATGCAGTCCTATTGCTAAAATGCAGTGCCCATCACTCAGCCTATAAGACTGAGATAGCCCATCTATACCCACTCCATACTGACTTCCAGAGTCATGGAATTTCACTTAATGCATGCAGTCCTATTGCTAAAATGCAGTGCCCATCACTCAGCCTATAAGACTGAGATAGCCCATCTATACCCACTCCATACTGACTTCCAGAGTCATGGAGTTTCACTTAATGCATGCAGTCCTATTGCTAAAATGCAGTGCCCATAACTCAGCCTATAAGACTGAGATAGCCCATTTATACCCCATACCCCCTCCATACTGACTTCTAGGGTCATGGAATTTCACTTAATGCATAGAATCGTATTGCTAAAATGCAGTGTCCATTACTCAGCCTATAAGACTGAGATATCCCTATGTATACCCCATACCCCCTCCATACTGACTTCCAGAGACATAGAATTTCACTTTGCATACGGTCCTATTGCTAAAATGCAGTGCCCATCACTCAGCCTATAAGACTGAGATATCCCTATCTATACCCTCTACCCCCTCCATACTGACTTCCAGAGTCATGGAATTTCACATAATGTATAGATTTCTATTGCTAAAATGCAGTGCCCATAACTCAGCCTATAAGACTGAGATAGCCCATCTATACCCCCTCCATACTGAGTTCCAGAGTCATGGAATTTCACTTAATGCATAGAATCGTATTGCTAAAATGCAGTGCCCATCACTCAGCCTATAAGACTGAGCCCATCTATACCCCATACCCCCTCCATACTGACTTCCAGAGTCATGGAATTTCACTTTGCATACAGTCCTACTTTACTTGTCCATGGACAAGTAAACAAAGAACTCTTGTCCTTCATGTTAATCAAGATACACCAATCAAACAAGAGTTTTATATCAGAGACTTGCCATGGAGGTATCATCTCTCAAGTCTCCTTTCCTTTAAGGAAAGAAAACCATTCTGTCATTGCTGTAGTAGTCACAGTCCCAAGTTTCTAAGCAGTGTTCAGTCGTCTTTTCTCATGTATTACCTTGAGTACTGAATAATTCTGTCAGAAATATTTTGTCCATTGGATTAGACTTTAGCTAGTCCAGCCCTGTGTGCATTTAGCAAAGGGGCAAACACAGGTCTGTTATCAGACAGTTAAAGTGCTCAGTCCCAATTTTCAAGGCATTGGCCATTAAAGGGGGTAGAATACTATATACTGTTGGCATGCTGTCATGGGTGCTATCGCCCCAGGTCACATCTTTCTAACTGATGGAGATACATTTATTTGCTCATGATATTGTATACTAGTCTCACATGCTTTCTTATTTCAGCCAAAAACCTCTGCACTGGAACATTTTATGTGGATAATCCTGACTAGGAATTGAGTCTTTTCTCAAGGTCCTAATACTACCCTTGCTTTATGTAAAGAGGGTGCTGATTACTTAATGCCTCTTACACAATTGTGCAAAATTGCAGTTGTTCAAGTCCCCTTCTGTTAGTAACCAAGATCCCATACCCTCATACCCTAATGGGTGACAATCAAGGGTGCCAACCAATGAGACCACTTCTCTGTTCTGGTCTTTCTGCTGTGCTGGGGAATCAAACCTTGAGTCTTGTGTACGCTAGTAAAGCACTGTCATAGAGCTACAGCCCCACCGTGTGGTGGTTTGAGAGAACAGCCTCTTATGTAGCCTGGGCTGGGCGGGACTTACAGGCATTGCCACCTGTAATGTAAACATATTTGTGCCTGTTGTGTGCACAGCTGCATTTGTCCCTCTTCCTAAGCATTGGATAAAGAAACCAAACTAAGTCAAGTCATTTTGTTGGTAATCAAGAAGACCTTTGATCTGTCCTGTTTTTAACTTCCAGGCTGGCCTGGAACTTAGCATATAACCCAGGCTAGCCTTGAGCTCAGGATCTAGCCTGCGTTTAACAAGTGTTGGCATATCTGGTTCCTACCACTATGCCCTGCATGCAGTCTTTCATATTGTGAATGTGCATATGTCATTTCACTGTAGTAATCTGCATCTGGTGAAGACTTATTTGTATTGCAGCAGTATTTAAGATCCTTAACATAGTAAATGTGCACAGTGTTAACTCTATTGTACATATTCTCATGTCCACAGTTGTGCCTTTTAGATCAGGACTCCTGTACTTAGCAAAGCAAAGAGGCTCACTAATATAAAGCTTCTTTCATGAGACTATAGATTGAAACGATTCCAATACGGTCAATGGTCCTTCAAGGTAAGACTTCTGTCTCTGATCATTCATATCCTCTTTGCTTTATGGAATTATGTATGTGCTGTGCACTTGAAACCCCTTCCTCAAACTATTTATGTACATACTGGCAATTTTAGTAGGATCAATTTTACTCTTAACTTTGAAGTACAGAAGTGGTGTTGACCTATAAGGTCCCATTTTGTGGCTTGCTAATAATAATGACTGATTGTAGTAGGCCTTTTCTGTTCACTACAGAAGGAAACCTGAACAGCGTAAAACTGTAATGGCCATAAACATGTACCTTGCATATTAGTATGCATTTACTGCACACATCTCATTCCATTTGGATACGATCCTACTCTCAAACCCTTTTGCAGTACAGCAAGGGTCACTAATCTTTTGGCTTCTTCATCTTCCTGGACACTGGATAAGGCTGTCCCCTCCTTTCCACTCTTTAATTTCCAGGACTATTACTTTAAAGACTTAATATTTGCATAAAGGATGGGGTTTTTAATTGATAACATGTCCCTTGAACATTAATGTATATAACAGGGACATGATCCATTCATTTTAATAAAAATACTTGGCCAGTTAATGTGTAAAATTACACTTATCCACAACCTTATTACTTTTCGGACCATTGTATCTCTTGCACTCCTGCAAGGGATACCGTTTATCTCCCAAGGTCCCTGCTAGTGGACCATTAATATACAGTGAATCTTCCTTTGTCTTTGCCAGTAAACAAAGGCCATACTCCTTCGCCTTTCATTTGCACTATATCAGGATATGCTGATCAACAAGGCCGCATTCTTTTGGACTGTTATCATATATTAAATGTATGCGTATGCACTGCCACCTGCTCTGTGCACTTGAAAGGATCCCACTCACTTCCTTAGCACCTTCAGCAGGAAGTGATAATAAGCTCAAGACTTTCATTTGGAAAGTTCACATGTCTAAGCACTTCTCTAAGAACTACTGTACCCTCTTCTCCGCTTTAAAGCAGAAAGAGGGTTGTACGAAGTGCTCTTCATTTGGACTTAAGTGCATTAATGCAGTTAGTTGTCCATCATTACCTTTGGAGTTGGATTTTACATCCTTGTACTCTTTTGACACCAGAGGCATATTAATTATTTCTGAGCACTTCTCTTGTCAATATTAATCTGTACCCTTACACATATGACCTGTGCGGCAGCAAAGGTTCTGAAATGCCTACCTTTTGACTGGGGCTGCTGAGTGGTAGTAACTATTAGTAACCTCAGCATTTGGATGATTACTATGCAAAAATGTCAAGGACCTGTGTGCTCTCTTTGCATACCATCAAGGCTACTGAGTCCCAGAATTAATTGCTAAGTTATGCGTATTTATAACTATGAATGTCTGGAATATTTTGTCCCCTTTACATTATTGCAGAGGTTGCTGAGCCCCCGAAACTACCCGGTACTGTCAATGAGCACAGGGGCTCTGACGAATGACCTGCTCTCTTCCTTAAACTGATTTTGGGACTCTTAATAGGCACAATGGCAGTTCTGGATGGTTTATTTTCTACTCCAACTTGAGCAAATCCCCTGCTAGTTTCCCAATGATATAATAAAGTACAGCAGTATGTACACCCAACAATGACCCGGATTTCGACCCTTTTTGCATTGCTTTAATATATACAATCCTAAATAGTCACAATCTCACACTTTATAGTGTTCCTTTTGCCCGGCCTCTAGTTTGTCCATTGACCACTTTTCTGAATCACTAATTCTCACAAACCCATCATTAAGGAAGAGTTTGTGCCCTTTCTCAATTCCATCATGCCATCCCTTTTGCCTCTTTGTTTGAACAGTATTGACTGGGCAAAGCCCTTCTCTTGACTTAAAGTCAACAACACCAGTTTACTCACTTCATATGGCTACAGTGTCTCAGTTGCCTTCTCCTTGCTCCCACTGAACAGAGACACCTCGAATTCTTACATTATTCTGGGTAATGTTAATTACCCCAAACACCCTATGTGTCATTAATAAATTTTGGTGTATTTATACACTGAATAGCAAAAGCAGGCCAAAACTAGGTGGATGAGCCTTCAATCTTTAACTTGCACTTCTAAATTATTCCAATTCCAACTGCTGGCACATTCTAGGGCCAGGAACCATTCTTGCCTACCTTTATTAATGCTTTATTGTGCAAAATATTGCAGGCAAGTAGCTCAGGGAGTTGGATTGCCACCTTTTACTTGGGGCTTTCCTTTACAGTATGAACTGAAAATTGTCTTCCTGAGAAGGAAGCTTAGCACTTTTCTTTCCGTTCTTCCTCCAGGAAGGAGCCAACTGTCTGCTTAAGAAACTTTAAGCCCGATTTTGTATATTGCTACTGTACAGGACCAACTGCCAGAAAAGTTATTGATAATTTTATTCCTTAAGAAAGGCATTTGGATTGCAAGGTGGATTGACTGTGAGATCATTAGCTTTTGTGAAGTAAAAATAGCCATTTGTGTCATGTTTCTGAAGACTAAGCAGTGTCTCAGTGTACTGAGGGTGATGAGTCTGTGGAAAGATCAGTGCAACTATTGCAGAATGTTTAAGACAAGTATCTTTGCTTGGTCTTTACTACAAGTTTAACAAAACGAAAAAGTCAATCTTTGTGTGGCCTTTAGTATGATTAACTTTTTGGAAGATGACCTAAGCCTTCTAATCATTATATTTTGTCTGACATTGGTCACCAGTCCTTGCTTATTTTTAAAAGGTGACTGGATGGATTAAATTTGAGAACATGTCAAGTCGCCTTTGAAAATTATATAGGCCATCACATTTAATTAATTCATTCTATCCACCATTAAACTCTGGCAATAATTTGAAGTAGCTTGAAAATTCCTAAAGTGGGAATTTATTTTAGAGATGATAGAACCTGTTTCCCCACTTTACATTTTAAAATATGTCTGCCAGGATCTAATCATTCCTTTAAACGTACACTTCAAAGAGAGATTTTCCTAGTAAGAAAAGAGCTTTCTCTAGTGTGAAGGGTGCTTTGTAGCCGCCGAGTACTTAGGTCTTTTTTGGGAGCTATTGTGTATGAGTGTATGTATGTGTGTGTGTACATGCATGTTGCTGCGCGCAGTCATTCATTCACATGGTGCTCAGACAACAATGGGAGCTGGTTCGTCTATCTTGTGGGTCCTGGAGATCAAAGTGAGATCATCAGGCTTGGCAGCAAGTGCCTTTACCCTCCGCGTGCCATCTTGCCATCCCGCTGCTGAGTGTTTGATATGACATTGCTGATGAAAATAATCATCACAACAGCAGTTCTCCCAGCATTACTGAGAAATGATACTATTTTTCTGAGGAGGATGTTCAAGTAACTCATCCAGTGCAGGATCCTGCTTGAACTACTGCTCCTCCGTTACATCAGACTCTGGCTGTTTAGACTACA"
"Intron_1","GTAAGTACTACCTTGTTAGCTACTAAGCTATCTTTTTCTCATTCGAGTTTCTTTCTGTGCCACCCACTGAAAAGTCAAAGTGACTAATAAGTCACTAGCTCTTCTCAGCTTATCCATACACAACACATAGTATGCCAACGAAATTGTAGAATTAACACATTGTGTACCCAATCGCCATTATGCTGGGGTACACTAAAATGAGAAGCGATGATATTTTACAAAATTTCTTCCGTGAGATGATTATGTTATTTAAGACTTAATGTAATATAAGCACACTTGAGATCATTTTAGGAAATGTACTGCCTGTGTGAATTGTTTAAGTATTTTAGGAAGTCTACTGGGGTTGAAATTTGACTTCTTAAAGAGGGAAGTGTGCTTACTTTGCCTTGTTGGTCCAGACGACTATTAGTACCATCTGGTTGGTTTATCTGAATGCCATCTGTTTCTATCTACCTCTTGGAAGCATGGAAAGAATATTAAGAGTGAAAGACTCCATGCATTATGCTTAGCTGTACGCCAAGGGTAGCAAGAGATGAGCTTGTGTAGGAATTGGGAATATAAATTTGATAATTTGGTTCTTTCAACCATTTTTACTGCATTTCTGCCCAGAACAGACCACTGGACGGCACTAACAGCTTAGACAGAGAACTTCATAGCTTACAATCTTTTTTTTTTTTTTTTTTTTTTTTTTTTTTTTTTTTTTTTTTTTTTTTTACAAAAGTGCAAAGAAGGATAAGTTTTATGAACAAATTTTACTATGGACTACTTTATGTACCCTCCTTGCTCATTTTTCTTTTTCATTAATTAATCAATTAATTTTGTTTTGTTCTCTGTTTTGTTTTGTGACAGGGATTCTCTGTGTAGTCTGGCTATCCTGGAACTCAAACTCAAGAGATCCGCCCGCAGAGATCCGCCCGCCTCTGCCTCCAGTTTAGAGTGTTGGGATTAAGGGTGGGTGCCACACTGGACCCCTGCCAGCACTTTTCAACAGATACTTTCAGTTAAAACAACAAATACTTGACTCCTGTGTAGAAAATGGTCTAGCTGAAAAAACATCCTTGTCCATAACACTTAACATTTTTTTGCATTTGCCTTTTGTACGTGCAAATGACCCTCTAGTACTTTAACCCTTTTAAGTCCACTGTAAATTCCTTCGCAGCAGGTTTCCCCCAACTCCAAAGGCTTAGCATTGTCTGGCTCTCTAGGTGATAATACATCTAGAACTATTGAGTCTTTTAGGAAACTAGGACCATTGTTGTACAAGTAACTGCTTCAAAAGGAAACATTTGCAAGGAAAAAAAGCTTTTTGAGATGCTAAAGAATGTGTTTGGTGCACTAAGACAGTTAGCTAAAGCTTCGGTCTCACCTTAGCACCATTGGCTACCCACCCCAGTACATGCAAAGTGACCCCCCCCCCCAGGCTTGCCTAGGCACCTAGAGCTTTCAGCCTGCCTCCTATGGACCTAAATAGAGATTAGGACTCAGACTCCAGTTAGTGGCCTGGAGGAAGCTGGTACTGCTGCTATTCACAGTAAACCCACTATCACTGACAGTTCCCTATTGAAATGATCAAGTTGTGTGAGCAGGCAGATCATTAATCAGGGCCAATTCTGTCATGGCAACCTAGTCCTACATGACCTCCACGGCACTGTAAAATACACACTTATTTGTAGTAGGACATCTGGAACATGAGCTTGTCTGTGATTGAAATGTCCATTAGGAGGTGCCATCACACAAAACCATCTGGAGGCCATCTTTGGTCCCCATAATTGATGGAATACAAAGAGTTCCCCAAATTAGTGTCCTGACCCAGCCCTCACTGTCAGTAATCATGTAATGGAAAGCCACCAACTCGCCATCACCATCTTCAGGCTGCCTGAACTGTATACATTAAGAATGAGCTTTCAGCCGGGCAGTGGTAGCTCGAGCCTTTAATCCCAGCACTTGGGAGGCAGAGGCAGGCGGATCTCTGAGTTCGAGGCCAGCCTGGTCTACAGAGTGAGTTCCAGGACAGCCAGGGCTACACAGAGAAACCCTGTCTTGAAAAAAAAAGAAGAATGAGCTTTCTTCCAAGCTGTCCAATGGCTTGACCCAGACTTAGGAGTTTGTAAACAAAGAACCCTGTAGAACAAGTGAATTTGAGAATGTACACCTTCATTAAGTGGTGGGAAGTGGAAGTAGTGGATTTTGCCAGCTGATTTTACAAAGCCCTGTGGCAGAACCAGACCAGGTCTTTGTATGCATACTGCCATATAACCTAGCCACTGTCCAACCTGTGCCCTCTCTCCCAGTCCAGTGAACCTCTTCTGCCTGCCCCTTACTTAGTCCTCTGGCTCATCCCAGGGGAAGATGGCTCTATTTGTGTAGTCATAAGAAAGTTTTGTTAATTTTAAATAAAACAGGAAAAGAGAAAGCTCACTTAAGACGAGAGCTGGAGAGATGGTTCTGTTAGTCTTCCAGAGGTCCTGAGTACAATTCCCAGCAACCACATGGTGGCTCACAACCATCTGTAATGACGTCTGACTCCCTCTTCTGGCACACAGGCATACATGCAGATAGAGTACTCAAATATACAAAAAGGGAAAAGAAATGAAAGGCCTTTGAAATGTAGACATGCTTTCAATTTTAAAGGCTGTTTTCACATCTCTTAAGAACTAGGGGTTCCATGAGAACATATCCTCACCCTGAGTTCTTACCACCAATTGAAAACGCTGACATGTGCATATGAAGATTGTATTGCTAGTAATCAAATTATCATTTGTAGAGTTTAGTATAATTATCATTTGTTTTCCAG"
"Exon_2","GGATGAATTTGGAGTCTGTTTTGTGCTCCTGCCTCAAGAAGAAGGATTGCCTGGATTTAGAGGAGTGAAGAGTGCTGGAGAGAGCCCAAAG"
"Intron_2","GTATTTCCGTTACTTGGTTGACTGAGATAGTATCTTCCCTTAAAGGTCTAATGTGTCAAGTTATACCTCCTAAGTAAATACCTCATTATTTTCATGTGGAATTTTCAACAATTTTTGTAGTCTAATGATAGCCTTGTATTTCTTCACAG"
"Exon_3","GGACAAACAATCCCTATGTGAGACTCAAGGACTGCCAGCAGCCTATACAGCTACATTACATCTCAGCAGAACTTCTCTTCAAGTCCTCGCTACTCTGAACAAAAAGCTTACAGGCCACATGGAGAAAAAAAG"
"Intron_3","GTACTTTGGAGAATTTGCTATTTGGGGGTTTCTATCTGATCTCCAGTTCATCAGAGAATGAGGGGGCAAGTCAATAAAGCACTCCCCATCTCCTGGTCCCCTGGCATAGTCAGTTAGCCAATGAGATCCTTGCCTTATGATGAGGCCTTGAAATCATCCCCACCATGTTATGACCAATCTGTAACATTTCTGCTCTGAAATGCCTAAAAGGTAGGTTATCAGAGGAATGAAGGCCAGTTTCTGACACCCTAGTCTTTTGTACTTGATAGAGTAAGTAGATATGGCTGTTGTCACATTCTGTAGGCCTGTCATAATTCTGGTCTCTGAATATCCTCAAACTCAGAGGTCCAATGCTACACCAGTTTCTAGGGACATATGCACCATAAGCACTGAGCCAAACAATGCTATTCACCTTGCCAGTGTTCTGGCATGGTATTGTTTAAAGCACAAATTAAAAGAAGAAAATAATTTAACCCCTTTATTCCCAGAGTATTTGAAGTACAAGGACTTTAACACAACCTATAATCTAAAGGATCTCTCATTGGTAGGTGACAGAATAAAAGCCAGAAAGAACTTGGATGGAGCAATTCTCATGTCTCTAAGTTAACACTAAGATCTACAAATGTGAAGGGTTCACTCTCCAAGCCCCTCCCCATGATTTAACACAACTGCTGGTTACTACATAATGAGACAACTTTCCCAGTATTCTTGATTTCAAGAATTGGCTTTTCTTTCACCTCTTTTCCAG"
"Exon_4","ATCTCCCCCCAGAATTGTGGGCTTGCTGCTTTGCAGTGCTGGCGACCTATTCCCTTTGACGATCCCTAGGTGGAGATGGGGCATGAGGATCCTCCAGGGGAATAGCTCACCACCACTGGGCAACAGGCCTAGCCCAGATTTCAGTGAGACGCTTTCCTGAACCCAGCAAGGAAGACAAAGGCTCAAAGAATGCCACCCTACATCAAAGTAG"
"Intron_4","GTAAGTTTTCTGCAACAGTGTAATAATTTTAACTTTGATCTTGTTTTCCATTAAAGTCAGCCTTTTACTTGAGATATATACATAAATTTTATCTTTTTCCCACATCTGGGAAATGTAACTAAACAGTGCAAATGTTTCTTCTAG"
"Exon_5","GAGAAAAGCTGCTGCAATAGTGGCACTGACCTTCGAGGAAGCCATTCTGCTCTATTTGGTTCTCTCTCCAGAAGCTAGGAAAGCTTTGCCAGCTGTTTACATACTTCAAGATGCACTGCTACCCTACTCATGCCATATAATACACAA"
"Intron_5","GTGAGTAGCTTATTTACCTACCTAGCTATTTACGAGTACACTGTTGCTGTCCTCAGACACACCAGAAGAGAGCACCAGATCTCATTACAGATGGTTGTGCGCCACCATGTGGTTGCTGGGGATTGAACTCAGGACCTCTGGAAGAGCAATAGGTGCTCTTAACCACTGAGCCATCACTAACATTACTGATGATGAATGCCTCTAACTACAAATGGAAACCTGGCTGGAATTGATACAGAAGTATCTATCATTAGGCAGAATTTAAAGAGCCAGGATGTTCTAGTACTTCTTTCCTGGCATTCATACAGCTTCTTTTGTTCTTTGTAG"
"Exon_6","TGCCATCTACCAAATATTACCCTTCCCCAAAGCAGCACAGAAAACTGGGTCTTCAGCGTGATCAAGCAATGTGAACACACAAAAGGAAGGCAGCTTTATAAATGACCCGAGGATCAACATGCCTGACTGCAGCATCTTAAAAGCAATAGAATGAG"
"Intron_6","GTAAGTCACTAGCATTGCAGTCTTCTGAGGATTTGCATTTGCTGGAAGATGGTGCTGGGTGGAGAGCATCTAATGTGATAATGTGAGGCAGGGCCATGTACACGATGGAAGATGAACAGGCTTTCACGTTATCAAATGGCCTCACAGCAGCAACTCAAACTATTATCTGCTTACCAGTTATATCACAAGAGGAATTTAGCTTCTAGGTTTTGTTGTTGTTGTTGTTTGTTTTGGCTTGGTGCCCTACCATTCTTACAGACTTAAACATTGAAAAGCTTTAAATAGTTTATTTCTTATCTCCATCTGTGAAGCAGCCATTAGACTTGTGAAGGATGTAAAAACCAAGCCCCCCCTTTTTTTTAATAGAAGAGGAGAGTGAAGCTGACAATTAAATATGCAGTCGCTTATAGTGTTTGCTGCTTACAGAAGCTTTTAATCCATGTAACAGAATGTTGAGATGTTCATTCTGTGTTTAAATGTAATATCCCCTAGATGTATGCCCTTTGGCAATTTAGTTCTGCTAAGACCTGTCTGTTTGTGAAGGTCAAATGAAATCATGAATGGAAAGTGTTGAGTACAGAGCCTGGCAAATATGCCCTGGAGTTGCATGACTAGGCCATTTGGAAGAGTTGACGGGTGTGTCCTATGGTCCTATGTTAAGGAAACCTTAAGTTTAACGTTGATAGCCTGGTACAGTGTACTAATGGCAATTTTTTTCTTTGCCCTTCCCTGTTTCTTGTTACCCTCTTTCTGGTGGTCTTTGCTTACTATCAATCATTAG"
"Exon_7","TGTGTATTGTGGGTGTGTCTATTTCTTGTTTTATGTATCTATTTTTTCCTTGGTCTGTGTGTCTAATTCTTTGTTACATCTATTTCTTCCTTGCTTTGTGTGTCTATTTCTTCCTTGCTTTGTGTGTCTATTTCTTCCTTGCATTATGTCTAATTCTTTGTTATATCTATTTCTTCCTTGCTTTGTGTCTATTTCTTCCTTGCAGTTGTGTCTAATTCTTTGTTACATCTATTTCTTCCTTGCTTTGTGTGTCTATTTCTTCCTTGCATTGTGTCTAATTCTTTGTTATATCTATTTCTTCCTTGCTTTGTGTGTCTGTCTTCCTTGCTTTGTGTCTATTTCTTCCTTGCAGTTGTGTCTAATTCTTTGTTACATCTATTTCTTCCTTGCTTTTGTGTGTCTTTCTTTCTTGCTTTTGTGTGTCTATTTCTTCCTTGCAGTTGTGTCTAATTCTTTGTTACATCTATTTCTTCCTTGCTTTTGTGTGTCTATTTCTTCCTTGCATTGTGTCTAATTCTTTGGTATATATATTTCTTCATTGCTTTGTGTGTCTATGTCTCCTTGTGTTGTCTAATTCGTTGTTGCATCTATTTCTTCCTTGCTTTGTGTGTCTATTTCTTCCTTGCTTTGTGTGTCTATGTCTTCCTTGCTTTGTGTGTCTATGTCTTCCTTGTTTTGTGTATCTACTTCTTCCTTGTGTGTCTAATTCTTTGTTACATCTATTTCTTCCTTCCTTTGCATGTCTCCTTCTTTCCTTTGTGTGTCTTTTCTGTCTGCAGTGTGTCTTACCTATTCCCATGTTTCTCCTGCATGTTCTTTCTTGCAGAGCTTTGAGCTTTGTTTCACTTTCTCTGGTGCCTGTGTGGTCTGCTTTGTCTTCACTAGCTATGGCTCTCTGTTTTATCTATCTGGTTGCTATTTCTCTTAGCTTTTCTTTCACTCCTGCCTTTCGTGACTCCCCTTTGGGTCACATGTTGCATGCATCCCTCTCTTTTTCTTGTGCTCACCCCACTTGTTCTTTGTTCAAGTTCTCTTTGTCAGTCCATTTCAGTTTTCTTTCTGCTGCTTCTATCCTTAGTGAATTCTTGTTTACATTTCTTCCCTGCCTTTCTTGGGCCACTTTCTCTGTTTTCTTTTGTATTTGTGTCTCTTTGCTATTGGTGGATTTCTTATCTCAGCATCATTCTGTTGCTTTGTGTTTGCTTGTGTTTCTATCTTCTACTTTCCTCCTTTCTGTTCACTTTGAGCATTTCATCTCTTTACAAGTCTGTGTCTCTCTTGTATTCTAAAGTAATCCTTTCTTGGATGTTTCTTTGTATGTACATGTGCGTGTGTGCATGTGTGTTATGTGTGTCATGTGTGAGAGGAGCTTCATAGCCCCTTCCCAATAGGTCCAGAATGTCACCCGTGGAGCCGTTCCTCACACCAGACTGCCCTGAGAAATAATCTAAGACAAAATACATCATTCCGTCCGGTCAGGATTCAAGTGGCTCTGAAGTGAACGCCCAAGTAGAAGACAGAAGTTTTGCGACTTGAGATTTAAAAGGACCAAAATACACAGATGGCCCGTCTTGAGCTGGCTGGACAGAATGCTGACAACCCAAAGAAGAGGAACTGTTTCTACAGGACACCTGTGACTTCCAAGAGCGGGGAACTACGTATGTCATAAGACACAAAACCTGAGCTAAGTCCAAGCATAAGACCTAAGGACCCAATCCTATATGGACAGAATATTTAAGAGATAAAGGCCTATGGCCCAGAACTCTGGAAGGATATTTCTATCCTTCTATCCCCAAGACCAAGAAGGGAAATTCGAAGATGAGACCTGCCCCCCAACCCCAGCATCCCTTTCCATTTCTTATATTTCTATTTAAGCTGTCTTCACTTGAGATGTAATTTTTCATTGTTGCCATTGCCCATAAAGGAATACGTTTTTAGCTGGATAGTATTGTGCAAGGGTCTGTTTTAAACTGGGTCTTAGCCATTTGTTAAATTGTTGATGTTTTACAACTTCCATTTCTCTTCACATCTGCTCCACTTGAGACGGAACTAAATCCAGCCAGTGTATATAGCCTGACTATTGAAACTTCCCTAGGAATAAGCATGCATACAGATATGCATACTGCCATCCTCCCTACCTCAGAAGCCCTAGGCTGACAAGAAAAGGAAAGCATCAGGTTGTTAGGGGGAAAACAATGTCAGGCTATCTAGAGAAAATATAAAGAGTTGTTCCAGACCAATGAGAAGAATTAGACAAGCAATATGCAGATGTGCCAACCCTCTGAGAAGCACCAGCCAGTGTCACCTTCTTTCTTTGGGCTTAGGTGAGCAGGGTATGGTTTTCTAATAATGGTTTGGGGACAAAATGAGGTCTGAACTCCCTGCTCATAGTAGTGGCCGAGTAATTTGGTGCATTTCACCAAAGGAACTCCTGGGTCTAATACCTACCTTTAAAATTAATGATGAGAGACTCTAAGGACTACTTAACGGGCTTAATCTTTTTCGTGCCTTCCTCTTCCTCTGTAAGAGGGAAGTTAAATGACACAGGATGAAAAAGTAACATGCTCATAGCACATTGGCAATTATACATGGTTATTATCTGAAAGTGTAGAGCTTTTCCTATAAGGCATCAGACTAAGTACCTGAAGCTTTGTGGGTTCATGGTCTTAGTTGCATATTCCTTAGTTGCAAATCCTTTTCAAAAGGTAAGAAAAAGGCACACTGGTCTATTGCCTGTACTTGATCAAGCCCTGATATGAATGCCAGGGAATGTCTGAGTAACATTAATTTCCTTCCCTGCATATTTTTTGTGCTGAATACTAAGGCTGTGATGCTTCACTGTGGTCACCCCCAGGTAACAAGATATTACCAGGTAACCAGGAAACGTATGAATACGTAAACCATGAAGCCTACTGTAACTTCCAAGTCAGTGCTGAGTATGTATTACATAGTAGCTGAAGTCTACGCCTCTGTGTGCTATAGGCACAAAGATTGCTCTAGGAATAACATGCTTTGTAAAAACAAATATATGAACATAACGGGGCTTGAATGAATAACAGTCCATATACTTAAGGCCAGTGTGTTTCTTCTGCTTTGGTGAGGCTCAGTAAGTTATATTATACCAGGTAGCAGAAGAGAAAACACATGGAAACTGATTTTAAACTACAAACTAGGTCACTAATGCAGGTGATTGATTACCCTATTCTGATCACCTTCTAATTTCTGAATACCCATGTTCAGCACTGGGAATAACAAAGGGGGACATTACCACAGAACTAGAATTTACAAAAGAATGCATTAAATAAAGCATTATACAGCTATCAATTGTTCCATGTGTGCAAATGAATGACTACTAACTACCTCTGATGTATCCGATATTGTTTTGGGTACATGAAATATTCATGAGTAACTGCCATGAAATAAGAATGTTTGCATTCCATACTATTCATAAGGAATGAGCCAATGCTTAATTTAATCAGTCAAAACTTGAGTGATAAGGGCATGTTAATACAAGAACATTTGCCCAGGTCACATTATGGTTGTGGGTACTTTCTTAACTATAAAGCAGTTCAGTAGTATAAGACAAGACAAATTTTCTATAGAAATAAAGCTGCCTATAAAATAGGCATAGTCTCTACAAAATTTTCATTGTACTTTTTAGCCCATAATGGGAAGAGTACAGTTAACAAGCTGGGTGTGGTAGCATGTGCTCTGAGCTGAAGCAACAGGACCACTTGAGCCCAGAAATTGGAGGCTAGCCTGGGAAGACCATAAGGTCAATCTCAAACCTGGAGGCTAAATATTGTCTCCCATGTGTATATTCTCTTTCATGGGTACTGGAGAGATACACAGACGTACATTTCAGTGTGTCCACACTTGAGAATAATATGTACGTTGGCATTTTATGAACTCGGAGGTACCATATAAATGTAACAATTCATTTTCTTACTTGGTATCAATTTCCAGGCTTTTAAAATTCTGCCACATTTATTATACTGTGAAAATAAAGTAAATAAGTAACTGTGAACCACTGAATATATGAAGCATTCAATACTTGATGAGTACATACTGAATGGCAGTCATTTATTACAAAACAGTGCCCTTGCTAGGCACTGGGATGCAAAGAGCATTCTCATTGTCCTGTGTATCTAAAGAAATTATGCATGAGATTAATTTATAATTTGTAAACTGCCATATATATGTGTATATATGCAATATTTGCCTGGTGTGCAATGACTTTGCTTTTATCCCAGGCATGCACAACAGATCTGTGTGGAGCTTTGTGAAGTCTACAGTTCTATAAAGCCGGGACCTAACTGTTGGCTTTATCAGTGAACAGTGATTACTTTCTAAGTTTCATAATGGCTGAAACTTAATCATAATGCTTATCACCTAACACCACCTAATAATAATTTTACCATGCTATGTGTTGAGCGAACACATAGATTGCTTTCTAGCATTATGTAGCACTTATAGGAGTGAAATCTAGACCAAAACTTCAATTCACTTCAATGAGGAAATGAAAACAGAAAAAAAAAATGGATTTGTGCAAGGCAGTGTGCTAAATGTTACACTGAGTGGACTATGCTGTCTAGGATACTTCCCAGCTGGCTTGACTGAGGAGGTGGAAAAGGTTTTATTAATGACAGGAACTTTTTCCATCCAGTTTCTTAAATGTTTGTTGAATGCTGCTGCCAGAGATGAATTACAAACACCTTGCCAGTAAAGGAGTTTTATAGGGCCAGAGTGAGATAATCCCAGAGCATGGGTATCAGGGAACAAAACGGGAAGAGGCCAGAGCATCTGATGGCATGTACTCAGTGTGGCCCAGAACCTCTCGAACTAGATGTACTGGCTGGAGGGACCAAGCATGCAGAACACAACACCTAATGAAACATTGTATATAAAATATGCTAACCTAGGTCCTAAAACTAAAATGTGAGGTGGACCTAGTGTAGATCACTGATCATAGGAGACATGGTCTCATAAAGCCCAGGCTGGTTCTAATTGGTGACTGTCACAGCTTCTCAAGTGCTGAGATTACAGATGTGCTTAACCCATGCCCAGCCTGAAGAATATATCTGATTACTGAGTGAATAATATTTTTAAAGAATTATATATTTTATGTATATGAGTACGCTGTTGCTGTCTTCAGACACACCAGAAGAGGGCACCACATCACATTACAGATGGTTGTGAGCCCCCATGTGGTTGTTGGGATTTGAACTCAGGACCTTCGGAAGAGCAGTCAGACTCTTAACCACTGAGTCATCTCTCCAGCCTTCTGAGTAAATATTTTAACTATAATGGCTGTTTGCGAAACCCAACCAAGGCCAAGATTCCTTCAACATAAACTGGAGACTTCCTAGCTAAGGAAGCTCCAAAAGTCATTTTCTCATTGGCCTAGCTTGAAGCCAGGACAGACTTAAAGTCTGTCCTTTAATTCATTACCCATTTTCCTTTTCTTACTGTTGAAGTGTTTCAAAGGAGAATCAAGATGAATCGATAATTCTAAACGTATTTGTTCATTGCCTGGCTCAGCGTCATGTGAGCAAGAAGAATATACTATCACACTCATACTTTTAACTTAAGTGTGATGAAAGTGCAGTTCTAAGTACTAAAATTTCTAAGTACTGAAAAGAACAAAGACATTTAAAGGATGCAACCCAAAGTGTACTTTACCTCAGTAGTTTCTGAGGGGACTGCAGTCACACCTTGAGACTACAGCTCTCACTTTAGCTGGGAAAAACATCAAGGTGTAGAGGAGGCAAGTTAAATAAAAAGTTGCTCCCCTCCTCATGGGCATGCTTGGTAGAGTGGAAATAATAAAAGAGGTTCTCTATTTCCTCGGTTCCACACATTGCAGAAGATGCTACTGGATGCTAAGTGCAACACATTTGTTCCAAAAGGGCACTCAGTGTGACTTACAGATGCCCCGGAAAGCAGAGGGATGCTCTTTATTAAACAGAAATATTAGCTCAAACGTTTTCTAGACTGAAGAACACTTTCCTCATTTCCCACAGTTTGCCTCAGAGGTTGAATACAGGAAGGTTATTATTCATTCATTTGCTTTATTGGTTCGCCTGTTCTACAAGGATTTGCATGTCTCTTAGGCCTTCACTTGGCTCCTGAGACATGGAAAAAGGAAACATAGACATAGGGAAGTGCTGGATGGGGGGGGGGGGTCTCTTTTCTGGGTAGTGGCACGACTTAGTCCTTAGTCCCCAAGTAATATGCAATGTGAGTCCTCATCCTCATGTCTTCTCCGGCCACTGCAATGAGTGGGAAGCTGGGCTTTGTAGCAAGCCTGACCCTAAAGTTACAGAAGCCCTCCACGCTAAGAAACTCAATTTTCTAGGCCATTTTAGCTATGACTGTGACCACTACTGGTCAGGAGGGATGACAGCCATCTAAGTTCCACAATCTTAGGCTACTTTGCATTATCCTGGGGCAAACAAGCCATTTTTGAGCTGCAGCAGGCTTTGAAATACATTGACCAATTTTGCCTGTGTTCGTTAAACCTTTTACCTTTTTACATGCTAATGCTCACAGTAATTTAGAAATGTTCTCCTTACTATAATATACTCAAGGTGGCTTGCTATGGTAAAATAATGCCAGTGGATGAAAATAACATTAATGTTTAACATTCTTGCATAAAATTTAAGAATAATAAAATTGACAACAATCAGAAAACTGGAGGAACGAAAGACCAAATTGAAAGAACTTGAAAAAGATTAAAAATGCCTGTGCTTTGACCCTTTCCATTTTTCTTTCACTCACAGAGGGTGGGACAGGAGGCCGAGTGAAGGAAAGGGTCCAGCCTGTCTATCTGGAATCTAAGTTGGGACTTTAATGCAGTTCCACAAAATTGGTATTAATTCGCTAAATGTTTCTGAAAATGTATTTTCATCTAAATGGCTATCAGCTAAGCCTTGAGTCAAATGGGAATGAAACAGATTAAGTCAATGTGATCTCTTTATCCAAGTTGCCTTAGAGCTGAAGTCACAATTTGCTGTAAGGAAGCTTATTCATTGTAGCATACGCATACTTTCAAAGTATCTAGACTTTACTTAGTAACCCAATCAGGACATTCAGGCAAAAGAAAAGGAACAGAGAAGATGGAGCCAGGTTGAAGAGGTCTGGGAGTTCAAACAAATTTTTTTCATTTTCATTAAAACTCAATTGGGCATCAAAAGTGTTACTAATATTAGCTTTTAATTAGTGGAAATTGGCTGGATTCAGTAATATCCCTTTGTATGGGTAGGAATGGGCTTACATTTCTGGAATTTGCAAAGGAAAAAATAACTGAAAGCCTTCCTTTCACAGTTACTGCCATCAATATTGCTACCAATTAAGCACATCCTACCATCATCTGCTTTGATCACATAAATGAACTGTGTACCAATCTGTTGTTGAAAGACTGGAGTCATCTTCCCACCAACTGTGAAAAAACACATGGAAAACACCTGGACTTTGTGAACGGATGCGGAATACAGAACTTCTGTTGACTCTTGGGTGTTTTGAAGACTTGAAAAAAAAAACTGTTGCTTACCAACATGTCACAATGAGTCCGTGTGTGGGTGGGTGGATGGGTGGGTGGGTGGGTGGGTGGGTGGTTGAGTGGGTGGGGTAGTTTGCTGTTAAATAAAATGCTTTGTTTTGAAAACATCA"
